<?xml version="1.0"?>
<doc>
    <assembly>
        <name>Microsoft.DataTransfer.AzureTable</name>
    </assembly>
    <members>
        <member name="T:Microsoft.DataTransfer.AzureTable.Client.AzureTableProbeClient">
            <summary>
            Simple Azure Table storage client to verify the connection.
            </summary>
        </member>
        <member name="M:Microsoft.DataTransfer.AzureTable.Client.AzureTableProbeClient.TestConnection(System.String,System.Nullable{Microsoft.DataTransfer.AzureTable.Shared.AzureStorageLocationMode})">
            <summary>
            Tests the Azure Table storage connection.
            </summary>
            <param name="connectionString">Azure Table storage connection string to use to connect to the account.</param>
            <param name="locationMode">Location mode to use when connecting to Azure Table storage.</param>
            <returns>Task that represents asynchronous connection operation.</returns>
        </member>
        <member name="T:Microsoft.DataTransfer.AzureTable.ConfigurationResources">
            <summary>
              A strongly-typed resource class, for looking up localized strings, etc.
            </summary>
        </member>
        <member name="P:Microsoft.DataTransfer.AzureTable.ConfigurationResources.ResourceManager">
            <summary>
              Returns the cached ResourceManager instance used by this class.
            </summary>
        </member>
        <member name="P:Microsoft.DataTransfer.AzureTable.ConfigurationResources.Culture">
            <summary>
              Overrides the current thread's CurrentUICulture property for all
              resource lookups using this strongly typed resource class.
            </summary>
        </member>
        <member name="P:Microsoft.DataTransfer.AzureTable.ConfigurationResources.BulkSink_MaxBatchSize">
            <summary>
              Looks up a localized string similar to Optional, default is 2MB. Specify the batch size in bytes.
            </summary>
        </member>
        <member name="P:Microsoft.DataTransfer.AzureTable.ConfigurationResources.BulkSink_MaxInputBufferSize">
            <summary>
              Looks up a localized string similar to Optional, default is 10MB. Approximate estimate of input bytes to buffer before flushing data to sink.
            </summary>
        </member>
        <member name="P:Microsoft.DataTransfer.AzureTable.ConfigurationResources.BulkSink_Overwrite">
            <summary>
              Looks up a localized string similar to Optional, default is false. Specifies if existing values should be overwritten.
            </summary>
        </member>
        <member name="P:Microsoft.DataTransfer.AzureTable.ConfigurationResources.BulkSink_TableName">
            <summary>
              Looks up a localized string similar to Specifies the name of the table to write to.
            </summary>
        </member>
        <member name="P:Microsoft.DataTransfer.AzureTable.ConfigurationResources.BulkSink_Throughput">
            <summary>
              Looks up a localized string similar to Optional, service defaults if not specified. Specifies throughput to configure for table.
            </summary>
        </member>
        <member name="P:Microsoft.DataTransfer.AzureTable.ConfigurationResources.ConnectionString">
            <summary>
              Looks up a localized string similar to Connection string for the table endpoint.
            </summary>
        </member>
        <member name="P:Microsoft.DataTransfer.AzureTable.ConfigurationResources.LocationModeFormat">
            <summary>
              Looks up a localized string similar to Optional, default is {0}. Specifies which location mode to use when connecting to Azure Table storage: {1}.
            </summary>
        </member>
        <member name="P:Microsoft.DataTransfer.AzureTable.ConfigurationResources.Source_Filter">
            <summary>
              Looks up a localized string similar to Optional. Filter string to apply.
            </summary>
        </member>
        <member name="P:Microsoft.DataTransfer.AzureTable.ConfigurationResources.Source_InternalFieldsFormat">
            <summary>
              Looks up a localized string similar to Optional, default {0}. Specifies which internal Azure Table fields should be preserve in the output: {1}.
            </summary>
        </member>
        <member name="P:Microsoft.DataTransfer.AzureTable.ConfigurationResources.Source_Projection">
            <summary>
              Looks up a localized string similar to Optional. List of columns to select.
            </summary>
        </member>
        <member name="P:Microsoft.DataTransfer.AzureTable.ConfigurationResources.Source_Table">
            <summary>
              Looks up a localized string similar to Name of the Azure Table.
            </summary>
        </member>
        <member name="T:Microsoft.DataTransfer.AzureTable.Defaults">
            <summary>
            Contains default configuration for Azure Table storage data adapters.
            </summary>
        </member>
        <member name="P:Microsoft.DataTransfer.AzureTable.Defaults.Current">
            <summary>
            Gets current default configuration for Azure Table storage data adapters.
            </summary>
        </member>
        <member name="M:Microsoft.DataTransfer.AzureTable.Defaults.SetCurrent(Microsoft.DataTransfer.AzureTable.IDefaults)">
            <summary>
            Changes default configuration for Azure Table storage data adapters.
            </summary>
            <param name="defaults">New default configuration.</param>
        </member>
        <member name="T:Microsoft.DataTransfer.AzureTable.DynamicConfigurationResources">
            <summary>
            Contains dynamic resources for data adapters configuration.
            </summary>
        </member>
        <member name="P:Microsoft.DataTransfer.AzureTable.DynamicConfigurationResources.LocationMode">
            <summary>
            Gets the description for location mode configuration property.
            </summary>
        </member>
        <member name="P:Microsoft.DataTransfer.AzureTable.DynamicConfigurationResources.Source_InternalFields">
            <summary>
            Gets the description for source internal fields configuration property.
            </summary>
        </member>
        <member name="T:Microsoft.DataTransfer.AzureTable.IDefaults">
            <summary>
            Contains default configuration for Azure Table storage data adapters.
            </summary>
        </member>
        <member name="P:Microsoft.DataTransfer.AzureTable.IDefaults.LocationMode">
            <summary>
            Gets the default value that indicates which location mode should be used when connecting to Azure Table storage.
            </summary>
        </member>
        <member name="P:Microsoft.DataTransfer.AzureTable.IDefaults.SourceInternalFields">
            <summary>
            Gets the default value that indicates which internal Azure Table fields should be preserved in the source adapter output.
            </summary>
        </member>
        <member name="T:Microsoft.DataTransfer.AzureTable.Resources">
            <summary>
              A strongly-typed resource class, for looking up localized strings, etc.
            </summary>
        </member>
        <member name="P:Microsoft.DataTransfer.AzureTable.Resources.ResourceManager">
            <summary>
              Returns the cached ResourceManager instance used by this class.
            </summary>
        </member>
        <member name="P:Microsoft.DataTransfer.AzureTable.Resources.Culture">
            <summary>
              Overrides the current thread's CurrentUICulture property for all
              resource lookups using this strongly typed resource class.
            </summary>
        </member>
        <member name="P:Microsoft.DataTransfer.AzureTable.Resources.BatchSizeInvalid">
            <summary>
              Looks up a localized string similar to Batch size specified is greater than Max of {0}MB.
            </summary>
        </member>
        <member name="P:Microsoft.DataTransfer.AzureTable.Resources.BulkSinkDescription">
            <summary>
              Looks up a localized string similar to Uploads data into Azure CosmosDB Table in batches.
            </summary>
        </member>
        <member name="P:Microsoft.DataTransfer.AzureTable.Resources.ConnectionStringMissing">
            <summary>
              Looks up a localized string similar to Azure Table storage connection string cannot be empty.
            </summary>
        </member>
        <member name="P:Microsoft.DataTransfer.AzureTable.Resources.DataSourceDescription">
            <summary>
              Looks up a localized string similar to Reads data from Azure Table storage.
            </summary>
        </member>
        <member name="P:Microsoft.DataTransfer.AzureTable.Resources.EmptyResponseReceived">
            <summary>
              Looks up a localized string similar to Empty response was received from Azure Table storage.
            </summary>
        </member>
        <member name="P:Microsoft.DataTransfer.AzureTable.Resources.SinkDescription">
            <summary>
              Looks up a localized string similar to Uploads data in Azure CosmosDB Table sequentially.
            </summary>
        </member>
        <member name="P:Microsoft.DataTransfer.AzureTable.Resources.TableNameMissing">
            <summary>
              Looks up a localized string similar to Azure Table storage table name cannot be empty.
            </summary>
        </member>
        <member name="T:Microsoft.DataTransfer.AzureTable.Shared.AzureStorageLocationMode">
            <summary>
            Azure Storage location modes enumeration.
            </summary>
        </member>
        <member name="F:Microsoft.DataTransfer.AzureTable.Shared.AzureStorageLocationMode.PrimaryOnly">
            <summary>
            Connect to the primary replica only.
            </summary>
        </member>
        <member name="F:Microsoft.DataTransfer.AzureTable.Shared.AzureStorageLocationMode.PrimaryThenSecondary">
            <summary>
            Try connect to the primary replica and fallback to secondary.
            </summary>
        </member>
        <member name="F:Microsoft.DataTransfer.AzureTable.Shared.AzureStorageLocationMode.SecondaryOnly">
            <summary>
            Connect to the secondary replica only.
            </summary>
        </member>
        <member name="F:Microsoft.DataTransfer.AzureTable.Shared.AzureStorageLocationMode.SecondaryThenPrimary">
            <summary>
            Try connect to the secondary replica and fallback to primary.
            </summary>
        </member>
        <member name="T:Microsoft.DataTransfer.AzureTable.Shared.IAzureTableAdapterConfiguration">
            <summary>
            Contains basic configuration for Azure Table storage data adapters.
            </summary>
        </member>
        <member name="P:Microsoft.DataTransfer.AzureTable.Shared.IAzureTableAdapterConfiguration.ConnectionString">
            <summary>
            Gets the connection string for the Azure Table storage.
            </summary>
        </member>
        <member name="P:Microsoft.DataTransfer.AzureTable.Shared.IAzureTableAdapterConfiguration.LocationMode">
            <summary>
            Gets the location mode to use when connecting to Azure Storage.
            </summary>
        </member>
        <member name="T:Microsoft.DataTransfer.AzureTable.Sink.Bulk.BatchSizeTracker">
            <summary>
             Used to track the total size of documents included in a batch operation
            </summary>
        </member>
        <member name="M:Microsoft.DataTransfer.AzureTable.Sink.Bulk.BatchSizeTracker.#ctor(System.Int64,Microsoft.DataTransfer.TableAPI.Sink.Bulk.InputSizeTracker)">
            <summary>
            Create an instance of the batch size tracker
            </summary>
            <param name="maxBatchSizeInBytes">The max size of documents, in bytes, allowed per batch</param>
            <param name="inputSizeTracker">The input size tracker used to calculate the size of documents</param>
        </member>
        <member name="M:Microsoft.DataTransfer.AzureTable.Sink.Bulk.BatchSizeTracker.Split(System.Collections.Generic.IEnumerable{Microsoft.Azure.CosmosDB.Table.TableOperation})">
            <summary>
            Splits a list of TableOperations into smaller batches that honor CosmosDB storage limits
            </summary>
            <param name="list">The input list of TableOperations to split into batches</param>
            <returns>A list of TableOperation batches that honor CosmosDB storage limits</returns>
        </member>
        <member name="M:Microsoft.DataTransfer.AzureTable.Sink.Bulk.BatchSizeTracker.Clear">
            <summary>
            Reset the batch size tracker
            </summary>
        </member>
        <member name="T:Microsoft.DataTransfer.AzureTable.Utils.Utils">
            <summary>
            Utility functions
            </summary>
        </member>
        <member name="M:Microsoft.DataTransfer.AzureTable.Utils.Utils.ExecuteWithRetryAsync(System.Func{System.Threading.Tasks.Task},System.Int32)">
            <summary>
            Execute an operation with retries
            </summary>
            <param name="func">Function to execute</param>
            <param name="retries">Number of retries</param>
        </member>
        <member name="T:Microsoft.DataTransfer.AzureTable.Source.AzureTableInternalFields">
            <summary>
            Azure Table storage internal fields enumeration.
            </summary>
        </member>
        <member name="F:Microsoft.DataTransfer.AzureTable.Source.AzureTableInternalFields.None">
            <summary>
            None of the internal fields.
            </summary>
        </member>
        <member name="F:Microsoft.DataTransfer.AzureTable.Source.AzureTableInternalFields.RowKey">
            <summary>
            RowKey field.
            </summary>
        </member>
        <member name="F:Microsoft.DataTransfer.AzureTable.Source.AzureTableInternalFields.All">
            <summary>
            All internal fields.
            </summary>
        </member>
        <member name="T:Microsoft.DataTransfer.AzureTable.Source.AzureTableSourceAdapterFactory">
            <summary>
            Provides data source adapters capable of reading data from Azure Table storage.
            </summary>
        </member>
        <member name="P:Microsoft.DataTransfer.AzureTable.Source.AzureTableSourceAdapterFactory.Description">
            <summary>
            Gets the description of the data adapter.
            </summary>
        </member>
        <member name="M:Microsoft.DataTransfer.AzureTable.Source.AzureTableSourceAdapterFactory.CreateAsync(Microsoft.DataTransfer.AzureTable.Source.IAzureTableSourceAdapterConfiguration,Microsoft.DataTransfer.Extensibility.IDataTransferContext,System.Threading.CancellationToken)">
            <summary>
            Creates a new instance of <see cref="T:Microsoft.DataTransfer.Extensibility.IDataSourceAdapter" /> with the provided configuration.
            </summary>
            <param name="configuration">Data source adapter configuration.</param>
            <param name="context">Data transfer operation context.</param>
            <param name="cancellation">Cancellation token.</param>
            <returns>Task that represents asynchronous create operation.</returns>
        </member>
        <member name="T:Microsoft.DataTransfer.AzureTable.Source.IAzureTableSourceAdapterConfiguration">
            <summary>
            Contains configuration for Azure Table storage data source adapter.
            </summary>
        </member>
        <member name="P:Microsoft.DataTransfer.AzureTable.Source.IAzureTableSourceAdapterConfiguration.Table">
            <summary>
            Gets the source name.
            </summary>
        </member>
        <member name="P:Microsoft.DataTransfer.AzureTable.Source.IAzureTableSourceAdapterConfiguration.InternalFields">
            <summary>
            Gets the value that indicates which internal Azure Table fields should be preserved in the output.
            </summary>
        </member>
        <member name="P:Microsoft.DataTransfer.AzureTable.Source.IAzureTableSourceAdapterConfiguration.Filter">
            <summary>
            Gets the filter string.
            </summary>
        </member>
        <member name="P:Microsoft.DataTransfer.AzureTable.Source.IAzureTableSourceAdapterConfiguration.Projection">
            <summary>
            Gets the names of the columns to select.
            </summary>
        </member>
        <member name="T:Microsoft.DataTransfer.TableAPI.Sink.Bulk.InputSizeTracker">
            <summary>
            Keeps track of the bytes accumulated in memory from input
            </summary>
        </member>
        <member name="M:Microsoft.DataTransfer.TableAPI.Sink.Bulk.InputSizeTracker.#ctor(System.Int64,System.Int64)">
            <summary>
            Create a new InputSizeTracker
            </summary>
            <param name="maxLengthPerDocument">Maximum length in bytes allowed, per document</param>
            <param name="maxBytesToAccumulateInMemory">
            Maximum length in bytes allowed to be accumulated in memory before flushing to sink
            </param>
        </member>
        <member name="M:Microsoft.DataTransfer.TableAPI.Sink.Bulk.InputSizeTracker.Add(Microsoft.Azure.CosmosDB.Table.ITableEntity)">
            <summary>
            Add an item to the input tracker.
            </summary>
            <param name="entity">The document being tracked</param>
        </member>
        <member name="M:Microsoft.DataTransfer.TableAPI.Sink.Bulk.InputSizeTracker.Clear">
            <summary>
            Reset the input tracker
            </summary>
        </member>
        <member name="M:Microsoft.DataTransfer.TableAPI.Sink.Bulk.InputSizeTracker.HasExceededInputLimits">
            <summary>
            Has the input side limit been exceeded
            </summary>
            <returns>Boolean indicating that the input memory limit has been exceeded</returns>
        </member>
        <member name="M:Microsoft.DataTransfer.TableAPI.Sink.Bulk.InputSizeTracker.GetDocumentLength(System.String,System.String)">
            <summary>
            Get the length of the document specified by the partitionkey and rowkey
            </summary>
            <param name="partitionKey">The document's partitionkey</param>
            <param name="rowKey">The document's rowkey</param>
            <returns></returns>
        </member>
        <member name="T:Microsoft.DataTransfer.TableAPI.Sink.Bulk.TableAPIBulkSinkAdapterFactory">
            <summary>
            Provides data sink adapters capable of writing data to Azure CosmosDB tables.
            </summary>
        </member>
        <member name="P:Microsoft.DataTransfer.TableAPI.Sink.Bulk.TableAPIBulkSinkAdapterFactory.Description">
            <summary>
            Gets the description of the data adapter.
            </summary>
        </member>
        <member name="M:Microsoft.DataTransfer.TableAPI.Sink.Bulk.TableAPIBulkSinkAdapterFactory.CreateAsync(Microsoft.DataTransfer.TableAPI.Sink.Bulk.ITableAPIBulkSinkAdapterConfiguration,Microsoft.DataTransfer.Extensibility.IDataTransferContext,System.Threading.CancellationToken)">
            <summary>
            Creates a new instance of <see cref="T:Microsoft.DataTransfer.Extensibility.IDataSinkAdapter" /> with the provided configuration.
            </summary>
            <param name="configuration">Data sink adapter configuration.</param>
            <param name="context">Data transfer operation context.</param>
            <param name="cancellation">Cancellation token.</param>
            <returns>Task that represents asynchronous create operation.</returns>
        </member>
        <member name="T:Microsoft.DataTransfer.TableAPI.Sink.Bulk.ITableAPIBulkSinkAdapterConfiguration">
            <summary>
            Contains configuration for Azure CosmosDB Table data bulk sink adapter. 
            </summary>
        </member>
        <member name="P:Microsoft.DataTransfer.TableAPI.Sink.Bulk.ITableAPIBulkSinkAdapterConfiguration.ConnectionString">
            <summary>
            Gets the connection string of the Azure CosmosDB Table to connect to.
            </summary>
        </member>
        <member name="P:Microsoft.DataTransfer.TableAPI.Sink.Bulk.ITableAPIBulkSinkAdapterConfiguration.TableName">
            <summary>
            Gets the name of the Azure CosmosDB Table to store data to.
            </summary>
        </member>
        <member name="P:Microsoft.DataTransfer.TableAPI.Sink.Bulk.ITableAPIBulkSinkAdapterConfiguration.Overwrite">
            <summary>
            Gets the value that indicates whether target data can be overwritten.
            </summary>
        </member>
        <member name="P:Microsoft.DataTransfer.TableAPI.Sink.Bulk.ITableAPIBulkSinkAdapterConfiguration.MaxInputBufferSize">
            <summary>
            Gets the size of the data to accumulate in memory before committing a batch.
            </summary>
        </member>
        <member name="P:Microsoft.DataTransfer.TableAPI.Sink.Bulk.ITableAPIBulkSinkAdapterConfiguration.Throughput">
            <summary>
            Gets the configured throughput in RU/s.
            </summary>
        </member>
        <member name="P:Microsoft.DataTransfer.TableAPI.Sink.Bulk.ITableAPIBulkSinkAdapterConfiguration.MaxBatchSize">
            <summary>
            Gets the size of data to be bundled into one batch for commit.
            </summary>
        </member>
        <member name="T:AssemblyRef">
            <summary>
            Sets public key string for friend assemblies.
            </summary>
        </member>
        <member name="F:AssemblyRef.ProductPublicKey">
            <summary>ProductPublicKey is an official MS supported public key for external releases. TestPublicKey is an unsupported strong key for testing and internal use only</summary>
        </member>
    </members>
</doc>
