<?xml version="1.0"?>
<doc>
    <assembly>
        <name>Microsoft.DataTransfer.HBase</name>
    </assembly>
    <members>
        <member name="T:Microsoft.DataTransfer.HBase.Client.StargateProbeClient">
            <summary>
            Simple HBase Stargate client to verify the connection.
            </summary>
        </member>
        <member name="M:Microsoft.DataTransfer.HBase.Client.StargateProbeClient.TestConnectionAsync(System.String)">
            <summary>
            Tests the HBase Stargate connection.
            </summary>
            <param name="connectionString">HBase connection string to use to connect.</param>
        </member>
        <member name="T:Microsoft.DataTransfer.HBase.ConfigurationResources">
            <summary>
              A strongly-typed resource class, for looking up localized strings, etc.
            </summary>
        </member>
        <member name="P:Microsoft.DataTransfer.HBase.ConfigurationResources.ResourceManager">
            <summary>
              Returns the cached ResourceManager instance used by this class.
            </summary>
        </member>
        <member name="P:Microsoft.DataTransfer.HBase.ConfigurationResources.Culture">
            <summary>
              Overrides the current thread's CurrentUICulture property for all
              resource lookups using this strongly typed resource class.
            </summary>
        </member>
        <member name="P:Microsoft.DataTransfer.HBase.ConfigurationResources.ConnectionString">
            <summary>
              Looks up a localized string similar to HBase connection string (example: &quot;ServiceURL=xyz;Username=xyz;Password=xyz&quot;).
            </summary>
        </member>
        <member name="P:Microsoft.DataTransfer.HBase.ConfigurationResources.Source_BatchSizeFormat">
            <summary>
              Looks up a localized string similar to Optional, default is {0}. Number of cells to read per request.
            </summary>
        </member>
        <member name="P:Microsoft.DataTransfer.HBase.ConfigurationResources.Source_ExcludeId">
            <summary>
              Looks up a localized string similar to Optional. If row id property should be excluded from the output.
            </summary>
        </member>
        <member name="P:Microsoft.DataTransfer.HBase.ConfigurationResources.Source_Filter">
            <summary>
              Looks up a localized string similar to Optional. HBase Stargate scanner filter definition in JSON format.
            </summary>
        </member>
        <member name="P:Microsoft.DataTransfer.HBase.ConfigurationResources.Source_FilterFile">
            <summary>
              Looks up a localized string similar to Optional. Path to the JSON file containing HBase Stargate scanner filter definition.
            </summary>
        </member>
        <member name="P:Microsoft.DataTransfer.HBase.ConfigurationResources.Source_Table">
            <summary>
              Looks up a localized string similar to Name of the table to scan.
            </summary>
        </member>
        <member name="T:Microsoft.DataTransfer.HBase.Defaults">
            <summary>
            Contains default configuration for HBase data adapters.
            </summary>
        </member>
        <member name="P:Microsoft.DataTransfer.HBase.Defaults.Current">
            <summary>
            Gets current default configuration for HBase data adapters.
            </summary>
        </member>
        <member name="M:Microsoft.DataTransfer.HBase.Defaults.SetCurrent(Microsoft.DataTransfer.HBase.IDefaults)">
            <summary>
            Changes default configuration for HBase data adapters.
            </summary>
            <param name="defaults">New default configuration.</param>
        </member>
        <member name="T:Microsoft.DataTransfer.HBase.DynamicConfigurationResources">
            <summary>
            Contains dynamic resources for data adapters configuration.
            </summary>
        </member>
        <member name="P:Microsoft.DataTransfer.HBase.DynamicConfigurationResources.Source_BatchSize">
            <summary>
            Gets the description for source batch size configuration property.
            </summary>
        </member>
        <member name="T:Microsoft.DataTransfer.HBase.IDefaults">
            <summary>
            Contains default configuration for HBase data adapters.
            </summary>
        </member>
        <member name="P:Microsoft.DataTransfer.HBase.IDefaults.SourceBatchSize">
            <summary>
            Gets the default source batch size.
            </summary>
        </member>
        <member name="T:Microsoft.DataTransfer.HBase.Resources">
            <summary>
              A strongly-typed resource class, for looking up localized strings, etc.
            </summary>
        </member>
        <member name="P:Microsoft.DataTransfer.HBase.Resources.ResourceManager">
            <summary>
              Returns the cached ResourceManager instance used by this class.
            </summary>
        </member>
        <member name="P:Microsoft.DataTransfer.HBase.Resources.Culture">
            <summary>
              Overrides the current thread's CurrentUICulture property for all
              resource lookups using this strongly typed resource class.
            </summary>
        </member>
        <member name="P:Microsoft.DataTransfer.HBase.Resources.AmbiguousFilter">
            <summary>
              Looks up a localized string similar to Both Filter and FilterFile cannot be set at the same time.
            </summary>
        </member>
        <member name="P:Microsoft.DataTransfer.HBase.Resources.ConnectionStringMissing">
            <summary>
              Looks up a localized string similar to HBase connection string is required.
            </summary>
        </member>
        <member name="P:Microsoft.DataTransfer.HBase.Resources.FailedToCreateScannerFormat">
            <summary>
              Looks up a localized string similar to Failed to create HBase scanner. Server response: ({0}) {1}.
            </summary>
        </member>
        <member name="P:Microsoft.DataTransfer.HBase.Resources.InvalidScannerLocation">
            <summary>
              Looks up a localized string similar to Failed to extract HBase table name and scanner id from the location header.
            </summary>
        </member>
        <member name="P:Microsoft.DataTransfer.HBase.Resources.InvalidServerResponseFormat">
            <summary>
              Looks up a localized string similar to Unexpected server response: ({0}) {1}.
            </summary>
        </member>
        <member name="P:Microsoft.DataTransfer.HBase.Resources.ScannerLocationMissing">
            <summary>
              Looks up a localized string similar to Location header is missing from HBase create scanner response.
            </summary>
        </member>
        <member name="P:Microsoft.DataTransfer.HBase.Resources.ServiceUrlMissing">
            <summary>
              Looks up a localized string similar to HBase Stargate service URL should be provided as part of the connection string.
            </summary>
        </member>
        <member name="P:Microsoft.DataTransfer.HBase.Resources.SourceDescription">
            <summary>
              Looks up a localized string similar to Reads data from HBase table using Stargate REST API.
            </summary>
        </member>
        <member name="P:Microsoft.DataTransfer.HBase.Resources.SourceIsNotInitialized">
            <summary>
              Looks up a localized string similar to HBase source adapter should be initialized before it can be used.
            </summary>
        </member>
        <member name="P:Microsoft.DataTransfer.HBase.Resources.TableNameMissing">
            <summary>
              Looks up a localized string similar to HBase table name should be provided.
            </summary>
        </member>
        <member name="T:Microsoft.DataTransfer.HBase.Shared.IHBaseAdapterConfiguration">
            <summary>
            Contains basic configuration for HBase data adapters.
            </summary>
        </member>
        <member name="P:Microsoft.DataTransfer.HBase.Shared.IHBaseAdapterConfiguration.ConnectionString">
            <summary>
            Gets the connection string for the HBase Stargate service.
            </summary>
        </member>
        <member name="T:Microsoft.DataTransfer.HBase.Source.HBaseSourceAdapterFactory">
            <summary>
            Provides data source adapters capable of reading data from HBase.
            </summary>
        </member>
        <member name="M:Microsoft.DataTransfer.HBase.Source.HBaseSourceAdapterFactory.#ctor">
            <summary>
            Creates a new instance of <see cref="T:Microsoft.DataTransfer.HBase.Source.HBaseSourceAdapterFactory" />.
            </summary>
        </member>
        <member name="T:Microsoft.DataTransfer.HBase.Source.IHBaseSourceAdapterConfiguration">
            <summary>
            Contains configuration for HBase data source adapter.
            </summary>
        </member>
        <member name="P:Microsoft.DataTransfer.HBase.Source.IHBaseSourceAdapterConfiguration.Table">
            <summary>
            Gets the name of the table.
            </summary>
        </member>
        <member name="P:Microsoft.DataTransfer.HBase.Source.IHBaseSourceAdapterConfiguration.Filter">
            <summary>
            Gets the scan filter.
            </summary>
        </member>
        <member name="P:Microsoft.DataTransfer.HBase.Source.IHBaseSourceAdapterConfiguration.FilterFile">
            <summary>
            Gets the path to the file that contains scan filter.
            </summary>
        </member>
        <member name="P:Microsoft.DataTransfer.HBase.Source.IHBaseSourceAdapterConfiguration.ExcludeId">
            <summary>
            Gets the value that indicates whether row id should be omitted in the output. 
            </summary>
        </member>
        <member name="P:Microsoft.DataTransfer.HBase.Source.IHBaseSourceAdapterConfiguration.BatchSize">
            <summary>
            Gets the size of the batch.
            </summary>
        </member>
        <member name="T:AssemblyRef">
            <summary>
            Sets public key string for friend assemblies.
            </summary>
        </member>
        <member name="F:AssemblyRef.ProductPublicKey">
            <summary>ProductPublicKey is an official MS supported public key for external releases. TestPublicKey is an unsupported strong key for testing and internal use only</summary>
        </member>
    </members>
</doc>
